City_ID,City,Country,Date,Lat,Lng,Max Temp,Humidity,Cloudiness,Wind Speed
0,Sao Filipe,CV,2021-12-10 16:14:31,14.8961,-24.4956,75.49,67,27,8.79
1,Chipinge,ZW,2021-12-10 16:14:32,-20.1883,32.6236,81.9,27,22,7.81
2,Ushuaia,AR,2021-12-10 16:14:32,-54.8,-68.3,55.02,66,75,0.0
3,Guerrero Negro,MX,2021-12-10 16:14:32,27.9769,-114.0611,63.52,71,41,14.79
4,Victoria,HK,2021-12-10 16:13:16,22.2855,114.1577,70.32,79,67,11.01
5,Rikitea,PF,2021-12-10 16:14:33,-23.1203,-134.9692,76.06,73,100,17.6
6,Vaini,TO,2021-12-10 16:14:33,-21.2,-175.2,75.36,94,20,5.75
7,Zhigansk,RU,2021-12-10 16:14:33,66.7697,123.3711,-6.75,96,100,17.72
8,Provideniya,RU,2021-12-10 16:14:34,64.3833,-173.3,-8.23,91,25,10.8
9,Black Forest,US,2021-12-10 16:14:34,39.0131,-104.7008,31.23,78,62,5.01
10,Cidreira,BR,2021-12-10 16:14:34,-30.1811,-50.2056,71.02,54,18,8.79
11,Pacific Grove,US,2021-12-10 16:13:49,36.6177,-121.9166,47.97,87,1,1.99
12,Peruibe,BR,2021-12-10 16:14:35,-24.32,-46.9983,75.87,66,55,5.3
13,Touros,BR,2021-12-10 16:14:19,-5.1989,-35.4608,90.5,62,96,15.43
14,Rio Gallegos,AR,2021-12-10 16:11:30,-51.6226,-69.2181,64.45,36,75,10.36
15,Klaksvik,FO,2021-12-10 16:14:35,62.2266,-6.589,36.52,72,63,19.1
16,Hithadhoo,MV,2021-12-10 16:14:36,-0.6,73.0833,81.48,80,91,10.58
17,Norman Wells,CA,2021-12-10 16:14:36,65.282,-126.8329,-3.51,96,50,8.16
18,Ondarroa,ES,2021-12-10 16:14:36,43.3167,-2.4167,53.8,85,100,22.19
19,Atuona,PF,2021-12-10 16:14:37,-9.8,-139.0333,77.85,74,58,15.9
20,Lebu,CL,2021-12-10 16:10:21,-37.6167,-73.65,61.79,74,44,12.95
21,Stornoway,GB,2021-12-10 16:14:37,58.2093,-6.3865,35.56,93,20,4.61
22,Hilo,US,2021-12-10 16:14:37,19.7297,-155.09,71.4,83,20,5.75
23,Avarua,CK,2021-12-10 16:14:37,-21.2078,-159.775,73.45,94,20,2.3
24,Teguise,ES,2021-12-10 16:14:38,29.0605,-13.564,64.62,77,20,19.57
25,Oume,JP,2021-12-10 16:14:38,35.7839,139.2431,46.78,87,1,0.0
26,Puerto Ayora,EC,2021-12-10 16:14:39,-0.7393,-90.3518,70.56,92,91,5.99
27,Westport,US,2021-12-10 16:14:19,41.1415,-73.3579,51.75,74,90,1.01
28,Jamestown,US,2021-12-10 16:13:53,42.097,-79.2353,45.72,68,90,4.0
29,Mataura,NZ,2021-12-10 16:14:39,-46.1927,168.8643,46.67,98,100,0.89
30,Albany,US,2021-12-10 16:09:58,42.6001,-73.9662,40.8,69,99,5.48
31,Pangnirtung,CA,2021-12-10 16:14:40,66.1451,-65.7125,-8.99,88,88,5.08
32,Pisco,PE,2021-12-10 16:14:40,-13.7,-76.2167,71.02,73,75,6.91
33,Shelburne,CA,2021-12-10 16:14:40,44.0787,-80.2041,35.37,92,100,7.49
34,Tiksi,RU,2021-12-10 16:14:41,71.6872,128.8694,-3.98,93,100,10.98
35,Tuktoyaktuk,CA,2021-12-10 16:14:41,69.4541,-133.0374,-6.57,96,13,8.9
36,Parkes,AU,2021-12-10 16:14:41,-33.1333,148.1833,55.35,81,50,1.88
37,Bluff,NZ,2021-12-10 16:14:42,-46.6,168.3333,53.06,81,100,9.24
38,Assiniboia,CA,2021-12-10 16:14:42,49.6334,-105.9845,12.06,79,6,6.98
39,Asau,RO,2021-12-10 16:14:42,46.4333,26.4,40.28,83,100,3.02
40,Makakilo City,US,2021-12-10 16:14:43,21.3469,-158.0858,73.72,79,75,4.61
41,Bethel,US,2021-12-10 16:13:55,41.3712,-73.414,49.48,73,90,0.0
42,Kutum,SD,2021-12-10 16:14:43,14.2,24.6667,73.69,15,2,6.46
43,Punta Arenas,CL,2021-12-10 16:13:28,-53.15,-70.9167,60.91,36,0,9.22
44,Jardim,BR,2021-12-10 16:14:44,-21.4803,-56.1381,101.32,13,14,3.94
45,Kavaratti,IN,2021-12-10 16:15:44,10.5669,72.642,82.47,75,9,6.62
46,Arraial Do Cabo,BR,2021-12-10 16:11:03,-22.9661,-42.0278,78.66,65,40,8.05
47,Mayskiy,RU,2021-12-10 16:15:44,47.6931,40.1025,47.44,82,100,7.36
48,Upernavik,GL,2021-12-10 16:15:45,72.7868,-56.1549,0.16,87,98,6.35
49,Kodiak,US,2021-12-10 16:15:45,57.79,-152.4072,27.91,54,90,21.85
50,Yellowknife,CA,2021-12-10 16:15:46,62.456,-114.3525,-7.71,86,20,3.44
51,Natitingou,BJ,2021-12-10 16:15:46,10.3042,1.3796,93.25,11,96,5.41
52,San Patricio,US,2021-12-10 16:15:47,28.017,-97.5169,82.49,71,31,22.93
53,Metro,ID,2021-12-10 16:11:27,-5.1131,105.3067,73.94,98,100,5.73
54,Sao Luiz Gonzaga,BR,2021-12-10 16:15:47,-28.4083,-54.9608,93.02,23,0,2.17
55,Abha,SA,2021-12-10 16:13:22,18.2164,42.5053,61.05,9,0,9.22
56,Busselton,AU,2021-12-10 16:15:06,-33.65,115.3333,60.08,85,5,5.55
57,Buin,CL,2021-12-10 16:15:48,-33.7333,-70.75,79.05,34,0,10.16
58,Sur,OM,2021-12-10 16:15:48,22.5667,59.5289,73.44,54,0,6.73
59,Santa Ines,BR,2021-12-10 16:15:48,-3.6667,-45.38,92.43,48,81,5.14
60,Karratha,AU,2021-12-10 16:15:49,-20.7377,116.8463,84.0,66,33,13.06
61,Colon,PA,2021-12-10 16:14:54,9.3592,-79.9014,91.24,67,5,13.0
62,Tamiahua,MX,2021-12-10 16:15:49,21.2667,-97.45,78.62,78,31,9.69
63,Arrecife,ES,2021-12-10 16:15:49,28.963,-13.5477,68.07,73,20,21.85
64,Tursunzoda,TJ,2021-12-10 16:15:50,38.5144,68.2333,45.48,10,23,5.28
65,Chokurdakh,RU,2021-12-10 16:15:50,70.6333,147.9167,-47.22,100,68,3.67
66,East London,ZA,2021-12-10 16:15:50,-33.0153,27.9116,77.94,78,0,13.8
67,Hofn,IS,2021-12-10 16:15:51,64.2539,-15.2082,32.02,74,0,5.75
68,Kisangani,CD,2021-12-10 16:15:51,0.5167,25.2,80.83,71,100,0.47
69,Ayotzintepec,MX,2021-12-10 16:15:51,17.6667,-96.1333,83.25,48,9,2.3
70,Kapaa,US,2021-12-10 16:15:52,22.0752,-159.319,75.11,80,90,1.01
71,New Norfolk,AU,2021-12-10 16:15:52,-42.7826,147.0587,50.67,73,47,2.1
72,Pakokku,MM,2021-12-10 16:15:52,21.3333,95.1,76.59,65,0,2.89
73,Kalabo,ZM,2021-12-10 16:15:53,-14.97,22.6814,88.25,29,83,1.81
74,Lompoc,US,2021-12-10 16:11:23,34.6391,-120.4579,51.57,77,1,5.75
75,Nikolskoye,RU,2021-12-10 16:15:53,59.7035,30.7861,8.49,81,86,10.16
76,Srednekolymsk,RU,2021-12-10 16:15:53,67.45,153.6833,-49.25,100,74,2.93
77,Berkak,NO,2021-12-10 16:15:54,62.825,10.0118,19.44,85,54,8.88
78,Constitucion,CL,2021-12-10 16:15:54,-35.3333,-72.4167,64.49,74,49,12.62
79,Bonavista,CA,2021-12-10 16:11:20,48.6499,-53.1147,28.9,72,96,22.77
80,Kharp,RU,2021-12-10 16:15:54,66.8014,65.8081,8.37,88,100,8.79
81,Galesong,ID,2021-12-10 16:15:55,-5.3166,119.3661,77.02,79,100,4.65
82,Monkey Bay,MW,2021-12-10 16:15:55,-14.0728,34.9201,82.47,69,78,15.1
83,Qaanaaq,GL,2021-12-10 16:15:18,77.484,-69.3632,0.34,75,97,6.46
84,Segovia,ES,2021-12-10 16:15:55,41.1667,-4.0,55.04,76,72,21.41
85,Waddan,LY,2021-12-10 16:15:56,29.1614,16.139,55.4,38,0,2.53
86,Nanortalik,GL,2021-12-10 16:15:56,60.1432,-45.2371,27.93,74,100,7.92
87,Kruisfontein,ZA,2021-12-10 16:15:56,-34.0033,24.7314,73.04,77,37,9.53
88,Bandarbeyla,SO,2021-12-10 16:15:57,9.4942,50.8122,77.14,69,12,20.94
89,Avera,US,2021-12-10 16:15:57,33.194,-82.5271,53.26,92,100,4.54
90,Hermanus,ZA,2021-12-10 16:15:57,-34.4187,19.2345,72.9,82,61,9.62
91,Saldanha,ZA,2021-12-10 16:15:58,-33.0117,17.9442,64.76,89,57,13.51
92,Beira,MZ,2021-12-10 16:15:58,-19.8436,34.8389,82.49,78,20,14.97
93,Butaritari,KI,2021-12-10 16:16:59,3.0707,172.7902,81.57,78,97,11.01
94,Tasiilaq,GL,2021-12-10 16:16:59,65.6145,-37.6368,32.16,94,100,19.8
95,Ambovombe,MG,2021-12-10 16:16:59,-25.1667,46.0833,78.71,74,97,19.77
96,Khunti,IN,2021-12-10 16:17:00,23.0833,85.2833,69.91,56,100,5.14
97,Torbay,CA,2021-12-10 16:15:17,47.6666,-52.7314,27.68,83,84,11.01
98,Bulaevo,KZ,2021-12-10 16:17:00,54.9056,70.4439,15.67,76,98,10.47
99,Alofi,NU,2021-12-10 16:17:00,-19.0595,-169.9187,71.49,88,100,5.75
100,Rio Pardo,BR,2021-12-10 16:17:01,-29.9897,-52.3781,84.43,28,25,6.87
101,San Luis,AR,2021-12-10 16:17:01,-33.295,-66.3356,60.49,100,90,5.75
102,Husavik,IS,2021-12-10 16:17:01,66.0449,-17.3389,22.91,87,73,10.09
103,High Level,CA,2021-12-10 16:17:02,58.5169,-117.136,-16.49,83,90,0.0
104,Camacha,PT,2021-12-10 16:17:02,33.0833,-16.3333,66.52,82,40,12.66
105,Cape Town,ZA,2021-12-10 16:12:40,-33.9258,18.4232,76.08,54,37,1.99
106,Port Elizabeth,ZA,2021-12-10 16:15:13,-33.918,25.5701,77.29,69,0,13.8
107,Zalantun,CN,2021-12-10 16:17:03,48.0,122.7167,20.57,70,99,2.06
108,Coos Bay,US,2021-12-10 16:14:59,43.3665,-124.2179,43.93,97,90,8.05
109,Englewood,US,2021-12-10 16:14:05,39.6478,-104.9878,34.23,89,90,1.99
110,Ancud,CL,2021-12-10 16:17:03,-41.8697,-73.8203,71.42,68,41,7.58
111,Okhotsk,RU,2021-12-10 16:17:04,59.3833,143.3,-11.22,85,1,10.25
112,Kishapu,TZ,2021-12-10 16:17:04,-3.6167,33.8667,78.31,47,78,7.47
113,Aklavik,CA,2021-12-10 16:17:04,68.2191,-135.0107,2.23,84,90,0.0
114,Mahebourg,MU,2021-12-10 16:16:02,-20.4081,57.7,79.09,69,40,6.91
115,Kavieng,PG,2021-12-10 16:17:05,-2.5744,150.7967,82.42,81,100,12.15
116,Mananjary,MG,2021-12-10 16:17:05,-21.2167,48.3333,79.03,76,100,8.93
117,Saskylakh,RU,2021-12-10 16:17:06,71.9167,114.0833,-12.48,97,100,8.66
118,Pelaya,CO,2021-12-10 16:17:06,8.6882,-73.6645,91.2,47,87,3.0
119,Bredasdorp,ZA,2021-12-10 16:17:06,-34.5322,20.0403,69.28,67,78,8.66
120,Port Alfred,ZA,2021-12-10 16:17:06,-33.5906,26.891,75.54,82,42,20.15
121,Mar Del Plata,AR,2021-12-10 16:17:07,-38.0023,-57.5575,73.42,89,75,15.99
122,Pevek,RU,2021-12-10 16:17:07,69.7008,170.3133,-29.9,98,99,3.51
123,Sistranda,NO,2021-12-10 16:17:07,63.7256,8.834,33.91,64,3,6.85
124,Severo-Kurilsk,RU,2021-12-10 16:17:08,50.6789,156.125,32.95,83,12,2.48
125,Castro,BR,2021-12-10 16:17:08,-24.7911,-50.0119,76.73,38,0,7.27
126,Maningrida,AU,2021-12-10 16:17:09,-12.0667,134.2667,75.96,88,100,6.44
127,Nefteyugansk,RU,2021-12-10 16:17:09,61.0998,72.6035,19.65,91,100,17.69
128,Sinnamary,GF,2021-12-10 16:17:11,5.3833,-52.95,78.48,90,100,9.28
129,Chuy,UY,2021-12-10 16:17:11,-33.6971,-53.4616,73.17,52,23,11.68
130,Esperance,AU,2021-12-10 16:17:11,-33.8667,121.9,63.28,88,1,13.2
131,Salalah,OM,2021-12-10 16:17:12,17.0151,54.0924,78.89,69,0,3.44
132,Puri,IN,2021-12-10 16:17:12,19.8,85.85,75.72,74,0,8.08
133,Ponta Do Sol,PT,2021-12-10 16:17:12,32.6667,-17.1,70.0,64,11,7.18
134,Broome,US,2021-12-10 16:17:13,42.2506,-75.833,41.02,72,90,1.01
135,Sugag,RO,2021-12-10 16:17:13,45.7667,23.6333,35.15,88,89,2.71
136,Gilgit,PK,2021-12-10 16:17:13,35.9221,74.3087,32.61,31,0,1.99
137,Caluquembe,AO,2021-12-10 16:17:14,-13.7833,14.6833,69.4,78,59,3.29
138,Kidal,ML,2021-12-10 16:17:39,18.4411,1.4078,81.25,5,99,12.26
139,Harper,LR,2021-12-10 16:18:14,4.375,-7.7169,84.72,65,36,10.42
140,Palmer,US,2021-12-10 16:18:14,42.1584,-72.3287,37.49,65,90,0.0
141,Beloha,MG,2021-12-10 16:18:15,-25.1667,45.05,79.36,68,95,10.2
142,Haukipudas,FI,2021-12-10 16:18:15,65.1765,25.3523,18.14,90,100,12.3
143,Guarapari,BR,2021-12-10 16:18:16,-20.6667,-40.4975,80.49,75,25,6.67
144,Envira,BR,2021-12-10 16:18:16,-7.3,-70.2167,79.2,86,100,1.54
145,Mehamn,NO,2021-12-10 16:18:16,71.0357,27.8492,30.38,74,0,23.02
146,Limpapa,PH,2021-12-10 16:18:17,7.1197,121.9106,77.45,86,96,4.52
147,Shimoda,JP,2021-12-10 16:18:18,34.6667,138.95,53.96,71,91,2.8
148,Rocha,UY,2021-12-10 16:18:18,-34.4833,-54.3333,77.67,42,40,13.06
149,Hobart,AU,2021-12-10 16:17:53,-42.8794,147.3294,51.03,87,75,3.0
150,Lazaro Cardenas,MX,2021-12-10 16:18:20,17.9583,-102.2,82.24,68,92,2.17
151,Hovd,MN,2021-12-10 16:18:20,48.0056,91.6419,8.38,66,0,0.31
152,State College,US,2021-12-10 16:15:05,40.7934,-77.86,44.51,60,75,3.0
153,Panambi,BR,2021-12-10 16:18:21,-28.2925,-53.5017,90.23,27,1,7.14
154,Detmarovice,CZ,2021-12-10 16:18:21,49.8941,18.4608,31.77,92,75,5.73
155,Liverpool,GB,2021-12-10 16:15:17,53.4106,-2.9779,44.67,83,75,5.01
156,Shizuishan,CN,2021-12-10 16:18:21,39.2333,106.7694,32.16,52,81,11.41
157,Carballo,ES,2021-12-10 16:18:22,43.213,-8.691,58.01,86,98,5.19
158,Esil,KZ,2021-12-10 16:18:22,51.9556,66.4042,18.84,73,100,12.06
159,Wamba,NG,2021-12-10 16:18:23,8.9333,8.6,93.33,14,73,8.59
160,Sorong,ID,2021-12-10 16:18:24,-0.8833,131.25,81.18,82,100,5.12
161,Sarkand,KZ,2021-12-10 16:18:24,45.41,79.9186,23.07,54,0,6.89
162,Georgetown,MY,2021-12-10 16:14:29,5.4112,100.3354,80.89,88,20,0.0
163,Ampanihy,MG,2021-12-10 16:17:27,-24.7,44.75,80.2,51,72,5.93
164,Hasaki,JP,2021-12-10 16:18:24,35.7333,140.8333,36.0,68,24,9.53
165,Poum,NC,2021-12-10 16:18:25,-20.2333,164.0167,81.82,76,100,9.26
166,Megion,RU,2021-12-10 16:18:25,61.0296,76.1136,21.22,77,100,15.05
167,Lavrentiya,RU,2021-12-10 16:18:25,65.5833,-171.0,-8.66,81,92,11.14
168,Cottonwood,US,2021-12-10 16:18:26,34.7392,-112.0099,49.32,78,8,4.0
169,Berlevag,NO,2021-12-10 16:18:26,70.8578,29.0864,24.75,74,0,20.71
170,Padang,ID,2021-12-10 16:18:26,-0.9492,100.3543,78.85,89,99,2.89
171,Guaraniacu,BR,2021-12-10 16:17:38,-25.1008,-52.8781,85.5,26,0,4.12
172,Shache,CN,2021-12-10 16:18:27,38.4167,77.2406,29.64,44,0,3.71
173,Lagoa,PT,2021-12-10 16:18:27,39.05,-27.9833,63.54,71,10,10.8
174,Faanui,PF,2021-12-10 16:18:28,-16.4833,-151.75,80.83,68,89,16.11
175,Khatanga,RU,2021-12-10 16:18:28,71.9667,102.5,-32.33,100,100,4.18
176,Zhezkazgan,KZ,2021-12-10 16:18:28,47.8043,67.7144,22.15,63,100,15.61
177,Ajdabiya,LY,2021-12-10 16:18:29,30.7554,20.2263,62.04,58,15,9.24
178,Vokhma,RU,2021-12-10 16:18:29,58.9303,46.7586,-5.03,100,34,3.18
179,Port Hardy,CA,2021-12-10 16:18:29,50.6996,-127.4199,44.76,93,90,11.5
180,Sangre Grande,TT,2021-12-10 16:18:30,10.5835,-61.1177,89.56,79,91,10.02
181,Itoman,JP,2021-12-10 16:18:30,26.1247,127.6694,68.02,76,20,5.75
182,Am Timan,TD,2021-12-10 16:18:30,11.0297,20.2827,86.95,15,6,4.9
183,Ahipara,NZ,2021-12-10 16:19:31,-35.1667,173.1667,62.85,97,66,4.72
184,Ilulissat,GL,2021-12-10 16:19:31,69.2167,-51.1,17.62,41,40,3.44
185,Omboue,GA,2021-12-10 16:19:32,-1.5746,9.2618,82.11,78,76,6.71
186,Dikson,RU,2021-12-10 16:19:32,73.5069,80.5464,-23.66,89,91,4.94
187,Surovikino,RU,2021-12-10 16:19:32,48.6078,42.8486,35.17,85,14,6.91
188,Uvat,RU,2021-12-10 16:19:33,59.1433,68.8953,21.45,94,100,10.85
189,Jawhar,SO,2021-12-10 16:19:33,2.7809,45.5005,78.04,58,89,17.63
190,Khartoum,SD,2021-12-10 16:15:34,15.5518,32.5324,87.03,31,0,11.39
191,Kirkland Lake,CA,2021-12-10 16:15:17,48.1446,-80.0377,30.65,90,99,9.42
192,Lorengau,PG,2021-12-10 16:19:34,-2.0226,147.2712,83.39,83,35,17.29
193,College,US,2021-12-10 16:19:34,64.8569,-147.8028,15.75,84,90,5.75
194,Alice Springs,AU,2021-12-10 16:18:41,-23.7,133.8833,65.75,30,3,5.75
195,Cherskiy,RU,2021-12-10 16:19:35,68.75,161.3,-42.88,97,100,4.54
196,Hammerfest,NO,2021-12-10 16:19:35,70.6634,23.6821,31.73,64,0,5.75
197,Gazli,UZ,2021-12-10 16:19:35,40.1333,63.45,48.61,28,0,10.49
198,Khipro,PK,2021-12-10 16:19:35,25.8285,69.3772,68.27,19,93,9.93
199,Hwange,ZW,2021-12-10 16:19:36,-18.3693,26.5019,87.58,30,90,3.22
200,Narayanpet,IN,2021-12-10 16:19:36,16.7333,77.5,76.73,63,98,7.02
201,Yerbogachen,RU,2021-12-10 16:19:36,61.2767,108.0108,-1.55,96,100,7.14
202,Katsuura,JP,2021-12-10 16:19:37,35.1333,140.3,44.71,77,7,7.56
203,Ulladulla,AU,2021-12-10 16:19:37,-35.35,150.4667,58.08,73,97,19.69
204,Pangody,RU,2021-12-10 16:19:37,65.85,74.4859,13.86,94,100,17.9
205,Sobolevo,RU,2021-12-10 16:19:38,54.4299,31.8996,32.72,95,100,17.05
206,Kijang,KR,2021-12-10 16:17:27,35.2442,129.2139,46.13,75,28,3.91
207,Panguna,PG,2021-12-10 16:19:38,-6.3164,155.4848,70.02,96,100,0.81
208,Longyearbyen,SJ,2021-12-10 16:19:38,78.2186,15.6401,26.44,80,75,0.0
209,Airai,TL,2021-12-10 16:19:39,-8.9266,125.4092,61.95,91,99,0.58
210,Namatanai,PG,2021-12-10 16:19:39,-3.6667,152.4333,79.57,84,100,4.61
211,Taoudenni,ML,2021-12-10 16:19:40,22.6783,-3.9836,75.07,15,100,16.24
212,Talnakh,RU,2021-12-10 16:19:40,69.4865,88.3972,-29.42,99,81,7.27
213,Zdvinsk,RU,2021-12-10 16:19:40,54.7021,78.661,8.96,85,38,8.97
214,Ribeira Grande,PT,2021-12-10 16:19:41,38.5167,-28.7,63.0,94,40,11.5
215,Carnarvon,AU,2021-12-10 16:17:24,-24.8667,113.6333,71.67,78,0,21.85
216,Bokoro,TD,2021-12-10 16:19:41,12.3807,17.0568,89.78,14,4,8.03
217,Sativasur,CO,2021-12-10 16:19:41,6.0936,-72.7122,69.49,49,79,2.42
218,Prince Rupert,CA,2021-12-10 16:15:08,54.3161,-130.3201,39.29,93,90,18.41
219,Minab,IR,2021-12-10 16:19:42,27.1467,57.0801,65.7,55,1,4.72
220,Barrow,US,2021-12-10 16:19:42,71.2906,-156.7887,1.42,85,90,3.44
221,Nioro,GM,2021-12-10 16:19:42,13.35,-15.75,99.23,10,98,6.22
222,Kitimat,CA,2021-12-10 16:19:43,54.0524,-128.6534,34.18,32,100,5.41
223,Beringovskiy,RU,2021-12-10 16:19:43,63.05,179.3167,-13.9,95,92,8.16
224,Codrington,AU,2021-12-10 16:19:43,-38.2667,141.9667,56.28,62,99,12.41
225,Nishihara,JP,2021-12-10 16:19:44,26.1842,127.7558,67.28,78,20,0.0
226,Bonthe,SL,2021-12-10 16:19:44,7.5264,-12.505,83.66,70,73,7.54
227,Baykit,RU,2021-12-10 16:19:44,61.67,96.37,-20.09,100,48,3.04
228,Isangel,VU,2021-12-10 16:19:45,-19.55,169.2667,79.16,85,68,7.4
229,Mwene-Ditu,CD,2021-12-10 16:19:45,-7.0,23.45,71.4,88,97,4.43
230,Abu Samrah,SY,2021-12-10 16:20:45,35.3029,37.1841,56.37,57,57,9.69
231,Owando,CG,2021-12-10 16:20:46,-0.4819,15.8999,81.39,70,99,3.47
232,Quang Ngai,VN,2021-12-10 16:20:46,15.1167,108.8,70.0,83,77,5.7
233,Santa Vitoria,BR,2021-12-10 16:20:46,-18.8386,-50.1214,88.99,30,66,4.41
234,Sulphur Springs,US,2021-12-10 16:17:06,33.1385,-95.6011,75.15,78,90,13.8
235,Grindavik,IS,2021-12-10 16:20:47,63.8424,-22.4338,32.47,86,0,5.75
236,Katherine,AU,2021-12-10 16:20:47,-14.4667,132.2667,80.92,69,100,5.75
237,Ternate,ID,2021-12-10 16:20:47,0.8,127.4,81.61,82,49,7.58
238,Erenhot,CN,2021-12-10 16:20:48,43.6475,111.9767,23.34,63,45,14.92
239,Mackay,AU,2021-12-10 16:20:48,-21.15,149.2,74.05,81,1,5.53
240,Barcelona,ES,2021-12-10 16:17:27,41.3888,2.159,60.85,53,20,5.99
241,Radcha,UA,2021-12-10 16:20:49,48.8502,24.655,33.64,93,90,0.0
242,Varzea Da Palma,BR,2021-12-10 16:20:49,-17.5981,-44.7308,87.46,46,17,2.86
243,Jalu,LY,2021-12-10 16:20:49,29.0331,21.5482,60.31,25,1,8.32
244,Goulburn,AU,2021-12-10 16:20:50,-34.75,149.7167,50.16,84,92,8.55
245,Zabol,AF,2021-12-10 16:20:50,32.25,67.25,41.5,20,42,7.76
246,Kaitangata,NZ,2021-12-10 16:20:50,-46.2817,169.8464,50.0,88,100,3.98
247,Bosanska Gradiska,BA,2021-12-10 16:20:51,45.1411,17.25,37.65,91,57,3.94
248,Ukiah,US,2021-12-10 16:20:51,39.1502,-123.2078,44.02,91,1,0.0
249,Quatre Cocos,MU,2021-12-10 16:20:51,-20.2078,57.7625,78.91,69,95,11.65
250,Mumford,GH,2021-12-10 16:20:52,5.2618,-0.759,83.37,70,92,11.07
251,Seoul,KR,2021-12-10 16:20:52,37.5683,126.9778,40.51,93,40,2.3
252,Amapa,BR,2021-12-10 16:20:52,1.0,-52.0,81.21,89,99,4.03
253,Rio Grande,BR,2021-12-10 16:20:53,-32.035,-52.0986,77.11,59,36,12.1
254,The Valley,AI,2021-12-10 16:20:53,18.217,-63.0578,85.86,69,40,16.11
255,Ostrovnoy,RU,2021-12-10 16:20:53,68.0531,39.5131,18.25,80,86,19.98
256,Hambantota,LK,2021-12-10 16:20:54,6.1241,81.1185,79.56,80,100,16.02
257,Sulam,IL,2021-12-10 16:20:54,32.6061,35.3341,66.81,47,66,10.36
258,Labuhan,ID,2021-12-10 16:20:54,-6.8844,112.2051,79.27,85,100,8.46
259,Ambilobe,MG,2021-12-10 16:20:55,-13.2,49.05,80.38,65,100,1.1
260,Akdepe,TM,2021-12-10 16:20:55,42.0551,59.3788,48.29,82,91,10.83
261,Bambous Virieux,MU,2021-12-10 16:20:55,-20.3428,57.7575,79.05,69,40,6.91
262,Kununurra,AU,2021-12-10 16:20:56,-15.7667,128.7333,80.58,78,96,4.61
263,Naze,JP,2021-12-10 16:18:54,28.3667,129.4833,63.14,64,20,7.47
264,Sao Jose Da Coroa Grande,BR,2021-12-10 16:20:56,-8.8978,-35.1478,84.74,63,100,12.03
265,Vung Tau,VN,2021-12-10 16:20:56,10.346,107.0843,77.47,77,89,7.09
266,Santa Marta,CO,2021-12-10 16:16:53,11.2408,-74.199,86.05,70,20,5.75
267,Fortuna,US,2021-12-10 16:20:57,40.5982,-124.1573,37.36,50,1,8.05
268,Clifton,US,2021-12-10 16:18:31,40.8584,-74.1638,49.84,63,90,1.99
269,Tiznit,MA,2021-12-10 16:20:57,29.5833,-9.5,67.91,22,0,9.06
270,Chernyshevskiy,RU,2021-12-10 16:20:59,63.0128,112.4714,-7.33,98,100,4.5
271,Sulangan,PH,2021-12-10 16:21:01,11.1373,123.7228,80.92,84,100,18.41
272,Saint-Philippe,RE,2021-12-10 16:21:01,-21.3585,55.7679,78.39,74,90,12.03
273,Baruun-Urt,MN,2021-12-10 16:21:02,46.6806,113.2792,14.16,91,100,11.21
274,Korcula,HR,2021-12-10 16:22:02,42.9622,17.1369,45.16,62,79,10.13
275,Konevo,RU,2021-12-10 16:22:02,62.1215,39.3192,-2.15,99,56,4.29
276,Derzhavinsk,KZ,2021-12-10 16:22:03,51.1,66.3167,17.06,77,100,10.22
277,Kantunilkin,MX,2021-12-10 16:22:03,21.0917,-87.45,85.95,57,32,7.87
278,Barcelos,PT,2021-12-10 16:22:03,41.5388,-8.6151,58.68,77,79,8.08
279,Stuhr,DE,2021-12-10 16:22:04,53.0333,8.75,39.18,80,75,8.05
280,Shingu,JP,2021-12-10 16:22:04,33.7333,135.9833,49.28,83,0,6.2
281,Atambua,ID,2021-12-10 16:22:04,-9.1061,124.8925,75.69,85,100,2.82
282,Mandalgovi,MN,2021-12-10 16:22:04,45.7625,106.2708,11.12,55,21,9.95
283,Cabo San Lucas,MX,2021-12-10 16:18:46,22.8909,-109.9124,77.5,64,75,1.99
284,Saint-Pierre,RE,2021-12-10 16:22:05,-21.3393,55.4781,78.48,72,0,23.02
285,Alyangula,AU,2021-12-10 16:22:05,-13.8483,136.4192,84.09,70,100,5.39
286,Perth,AU,2021-12-10 16:19:49,-31.9333,115.8333,68.13,77,75,8.05
287,Marfino,RU,2021-12-10 16:22:06,55.7028,37.3822,9.95,82,0,8.95
288,Vostok,RU,2021-12-10 16:22:06,46.4856,135.8833,27.45,96,100,3.22
289,Cayenne,GF,2021-12-10 16:22:06,4.9333,-52.3333,82.44,91,90,4.0
290,Kamenka,RU,2021-12-10 16:22:07,51.3223,42.7678,30.74,86,85,8.3
291,Broken Hill,AU,2021-12-10 16:22:07,-31.95,141.4333,62.87,25,17,6.15
292,Irbil,IQ,2021-12-10 16:22:08,36.1926,44.0106,48.02,71,0,4.61
293,Fort Nelson,CA,2021-12-10 16:22:08,58.8053,-122.7002,-6.21,84,75,5.75
294,Hay River,CA,2021-12-10 16:22:09,60.8156,-115.7999,-11.22,84,75,2.3
295,Okato,NZ,2021-12-10 16:22:09,-39.2,173.8833,61.68,91,98,7.67
296,Kajaani,FI,2021-12-10 16:22:10,64.2273,27.7285,17.65,86,0,8.05
297,Port Lincoln,AU,2021-12-10 16:19:25,-34.7333,135.8667,57.13,78,86,13.58
298,Nianzishan,CN,2021-12-10 16:22:10,47.5167,122.8833,17.17,74,77,1.92
299,Namibe,AO,2021-12-10 16:22:11,-15.1961,12.1522,75.06,63,29,15.66
300,Noumea,NC,2021-12-10 16:22:11,-22.2763,166.4572,82.99,99,86,8.41
301,Springdale,US,2021-12-10 16:19:16,36.1867,-94.1288,69.53,91,75,13.0
302,Aberdeen,GB,2021-12-10 16:17:23,57.1437,-2.0981,37.89,85,9,9.22
303,Svetlaya,RU,2021-12-10 16:22:12,46.5389,138.3297,35.04,77,100,3.11
304,Pallasovka,RU,2021-12-10 16:22:12,50.05,46.8833,30.65,91,99,13.78
305,Pajic Polje,BA,2021-12-10 16:22:12,43.9758,17.5275,32.47,97,97,5.06
306,Bengkulu,ID,2021-12-10 16:22:13,-3.8004,102.2655,74.79,91,99,3.65
307,Boromo,BF,2021-12-10 16:22:13,11.75,-2.9333,95.31,5,39,8.34
308,Coihaique,CL,2021-12-10 16:22:02,-45.5752,-72.0662,75.15,31,20,8.05
309,Port-Gentil,GA,2021-12-10 16:22:14,-0.7193,8.7815,81.79,74,37,4.94
310,Goreloye,RU,2021-12-10 16:22:14,52.937,41.5043,25.2,61,9,7.0
311,Komsomolskiy,UZ,2021-12-10 16:22:14,40.4272,71.7189,38.62,69,46,2.3
312,Merauke,ID,2021-12-10 16:22:15,-8.4667,140.3333,80.67,83,97,10.92
313,Bereda,ES,2021-12-10 16:22:15,43.2686,-7.5406,53.42,89,72,4.34
314,Krutinka,RU,2021-12-10 16:22:15,56.0055,71.5113,16.95,75,100,12.68
315,Yuci,CN,2021-12-10 16:22:16,37.6803,112.7319,33.55,69,100,4.47
316,Ascension,US,2021-12-10 16:22:17,30.2169,-90.9001,80.11,85,90,17.27
317,Geraldton,AU,2021-12-10 16:22:17,-28.7667,114.6,67.12,82,10,5.75
318,Joshimath,IN,2021-12-10 16:22:18,30.5667,79.5667,36.14,31,0,10.96
319,Leh,IN,2021-12-10 16:22:18,34.1667,77.5833,7.16,61,1,4.88
320,Sao Joao Da Barra,BR,2021-12-10 16:22:18,-21.6403,-41.0511,82.49,73,18,7.34
321,Ranghulu,CN,2021-12-10 16:23:19,46.65,124.8667,10.87,94,30,2.84
322,Verkhnevilyuysk,RU,2021-12-10 16:23:19,63.4453,120.3167,-4.74,96,100,5.28
323,Evensk,RU,2021-12-10 16:23:20,61.95,159.2333,-21.39,81,99,6.13
324,Havelock,US,2021-12-10 16:23:20,34.8791,-76.9013,69.98,79,75,5.99
325,Nihommatsu,JP,2021-12-10 16:22:11,37.5833,140.4333,33.37,89,41,2.3
326,Grand-Lahou,CI,2021-12-10 16:23:20,5.1367,-5.0242,84.56,68,48,10.18
327,Saint Anthony,US,2021-12-10 16:23:21,45.0205,-93.218,30.25,82,90,1.01
328,Linjiang,CN,2021-12-10 16:23:21,41.8069,126.9078,23.47,94,94,1.07
329,Samarinda,ID,2021-12-10 16:23:22,-0.5,117.15,74.46,98,99,1.03
330,Iqaluit,CA,2021-12-10 16:23:22,63.7506,-68.5145,4.73,66,75,13.8
331,Gazojak,TM,2021-12-10 16:23:22,41.1875,61.4036,48.7,49,73,11.43
332,Marsh Harbour,BS,2021-12-10 16:23:23,26.5412,-77.0636,76.55,74,0,5.12
333,Margate,GB,2021-12-10 16:21:35,51.3813,1.3862,43.7,75,88,8.01
334,Lasa,IT,2021-12-10 16:23:23,46.6166,10.7002,29.28,93,100,1.05
335,Channel-Port Aux Basques,CA,2021-12-10 16:23:23,47.5702,-59.1367,28.0,58,66,15.57
336,Ignatovka,RU,2021-12-10 16:23:24,53.9479,47.6536,19.81,69,26,13.69
337,Marau,BR,2021-12-10 16:23:24,-28.4492,-52.2,85.28,27,8,5.21
338,Taltal,CL,2021-12-10 16:23:24,-25.4,-70.4833,65.07,72,25,6.31
339,Santa Barbara,US,2021-12-10 16:20:50,34.7333,-120.0343,47.44,78,100,6.4
340,Mutis,CO,2021-12-10 16:23:25,6.2262,-77.4044,81.25,82,63,3.13
341,Sitka,US,2021-12-10 16:23:25,57.0531,-135.33,39.09,75,90,14.97
342,Saltillo,MX,2021-12-10 16:23:13,25.4167,-101.0,73.13,40,75,0.0
343,Clyde River,CA,2021-12-10 16:23:25,70.4692,-68.5914,-16.37,83,40,4.61
344,Starachowice,PL,2021-12-10 16:23:26,51.0374,21.0713,34.48,99,100,2.59
345,Copiapo,CL,2021-12-10 16:22:23,-27.3667,-70.3333,60.49,40,19,7.94
346,Goderich,CA,2021-12-10 16:23:26,43.7501,-81.7165,39.9,81,91,5.75
347,Kangaatsiaq,GL,2021-12-10 16:23:26,68.3065,-53.4641,20.53,77,44,15.1
348,Hokitika,NZ,2021-12-10 16:23:27,-42.7167,170.9667,60.31,94,100,5.32
349,Puteyets,RU,2021-12-10 16:23:27,65.1716,57.091,5.52,97,100,4.14
350,Severo-Yeniseyskiy,RU,2021-12-10 16:23:27,60.3725,93.0408,-14.53,100,76,4.45
351,Chernyshkovskiy,RU,2021-12-10 16:23:28,48.4219,42.2308,34.97,91,87,7.52
352,Tautira,PF,2021-12-10 16:23:28,-17.7333,-149.15,75.22,64,89,14.05
353,Maymyo,MM,2021-12-10 16:23:28,22.0333,96.4667,59.97,90,0,0.78
354,Dryden,CA,2021-12-10 16:23:29,49.7833,-92.7503,16.09,86,1,12.66
355,Kedrovyy,RU,2021-12-10 16:23:29,56.1667,91.8167,7.21,94,100,9.1
356,Toamasina,MG,2021-12-10 16:23:29,-18.1667,49.3833,78.8,78,40,3.44
357,Tambopata,PE,2021-12-10 16:23:30,-12.7333,-69.1833,85.89,66,40,3.44
358,Serik,TR,2021-12-10 16:23:30,36.9169,31.0989,61.75,82,98,9.37
359,Santo Tomas,PH,2021-12-10 16:23:30,14.1079,121.1414,77.58,80,46,9.8
360,Kosa,RU,2021-12-10 16:23:31,59.9445,54.9977,-5.84,99,23,5.28
361,Noyabrsk,RU,2021-12-10 16:23:31,63.1994,75.4507,17.78,92,100,19.51
362,Dingle,PH,2021-12-10 16:23:31,10.9995,122.6711,76.08,94,100,9.86
363,Namtsy,RU,2021-12-10 16:23:31,62.7161,129.6658,-25.49,99,100,3.58
364,Trairi,BR,2021-12-10 16:18:55,-3.2778,-39.2689,87.87,57,99,13.78
365,Bheramara,BD,2021-12-10 16:23:32,24.0232,88.9925,71.56,47,24,5.32
366,Fare,PF,2021-12-10 16:23:32,-16.7,-151.0167,80.83,65,70,14.81
367,Camaqua,BR,2021-12-10 16:23:33,-30.8511,-51.8122,78.73,36,40,9.66
368,Concepcion Del Uruguay,AR,2021-12-10 16:23:33,-32.4825,-58.2372,81.99,48,98,3.0
369,Luderitz,NA,2021-12-10 16:24:34,-26.6481,15.1594,68.86,66,0,16.04
370,Meulaboh,ID,2021-12-10 16:24:34,4.1363,96.1285,78.03,84,91,3.51
371,Beaufort,MY,2021-12-10 16:24:35,5.3473,115.7455,78.96,91,100,1.99
372,Vaitape,PF,2021-12-10 16:24:35,-16.5167,-151.75,80.85,68,88,15.97
373,Richards Bay,ZA,2021-12-10 16:24:36,-28.783,32.0377,79.59,78,33,13.53
374,Stephenville,US,2021-12-10 16:24:36,32.2207,-98.2023,75.54,76,40,13.8
375,Lata,PT,2021-12-10 16:24:36,40.1629,-8.3327,59.04,92,99,7.65
376,Comodoro Rivadavia,AR,2021-12-10 16:24:37,-45.8667,-67.5,62.46,72,20,10.36
377,Sept-Iles,CA,2021-12-10 16:24:37,50.2001,-66.3821,13.05,69,75,1.99
378,Mount Gambier,AU,2021-12-10 16:24:37,-37.8333,140.7667,53.51,71,90,11.5
379,Gladstone,AU,2021-12-10 16:24:38,-23.85,151.25,75.13,83,0,5.75
380,Half Moon Bay,US,2021-12-10 16:24:38,37.4636,-122.4286,48.31,85,1,0.0
381,Morros,BR,2021-12-10 16:24:38,-9.4467,-46.3003,81.23,73,72,4.12
382,Nome,US,2021-12-10 16:24:39,64.5011,-165.4064,-14.22,94,31,7.31
383,Kloulklubed,PW,2021-12-10 16:24:39,7.0419,134.2556,79.3,76,92,6.58
384,Iskateley,RU,2021-12-10 16:24:39,67.6803,53.1512,21.58,91,98,13.65
385,Abay,KZ,2021-12-10 16:24:40,49.6311,72.8539,7.18,67,6,7.63
386,Igarka,RU,2021-12-10 16:24:40,67.4667,86.5833,-22.72,97,97,7.14
387,General Roca,AR,2021-12-10 16:24:40,-39.0333,-67.5833,82.8,26,0,8.52
388,Quime,BO,2021-12-10 16:24:41,-16.9833,-67.2167,58.86,75,99,6.85
389,Inhambane,MZ,2021-12-10 16:24:41,-23.865,35.3833,79.79,80,100,11.01
390,Itarema,BR,2021-12-10 16:24:41,-2.9248,-39.9167,87.22,58,98,16.08
391,Ndende,GA,2021-12-10 16:24:42,-2.4008,11.3581,80.06,90,90,3.31
392,Ankara,TR,2021-12-10 16:21:24,39.9199,32.8543,48.2,68,0,0.0
393,Mount Pleasant,US,2021-12-10 16:21:17,32.7941,-79.8626,60.19,83,20,1.01
394,Vestmannaeyjar,IS,2021-12-10 16:24:42,63.4427,-20.2734,36.59,87,0,9.22
395,Asilah,MA,2021-12-10 16:24:42,35.465,-6.0348,62.46,74,61,9.22
396,Manta,EC,2021-12-10 16:24:43,-0.95,-80.7333,78.58,83,75,5.75
397,Goundam,ML,2021-12-10 16:24:43,16.4145,-3.6708,87.73,5,75,12.64
398,Taybad,IR,2021-12-10 16:24:43,34.74,60.7756,53.65,25,0,5.35
399,Haines Junction,CA,2021-12-10 16:24:44,60.7522,-137.5108,8.55,85,99,2.3
400,Mahanoro,MG,2021-12-10 16:24:44,-19.9,48.8,78.78,76,82,8.43
401,Korla,CN,2021-12-10 16:24:44,41.7597,86.1469,25.27,56,1,4.27
402,Safita,SY,2021-12-10 16:24:45,34.8205,36.1153,57.83,56,33,13.47
403,Cobija,BO,2021-12-10 16:24:45,-11.0267,-68.7692,84.38,79,75,2.3
404,Muravlenko,RU,2021-12-10 16:24:46,63.7898,74.523,17.51,93,100,16.89
405,Port Augusta,AU,2021-12-10 16:24:46,-32.5,137.7667,57.34,58,3,6.69
406,Hamilton,US,2021-12-10 16:24:17,39.1834,-84.5333,57.04,85,90,1.99
407,Orange,US,2021-12-10 16:22:04,33.7,-117.7675,54.75,85,99,1.99
408,Maceio,BR,2021-12-10 16:24:46,-9.6658,-35.7353,89.04,62,75,19.57
409,Kropachevo,RU,2021-12-10 16:24:47,55.0112,57.9896,17.19,88,100,4.68
410,Ritchie,ZA,2021-12-10 16:24:47,-29.038,24.6028,79.81,75,87,12.44
411,Moerai,PF,2021-12-10 16:25:47,-22.4333,-151.3333,78.08,81,100,8.34
412,Chara,RU,2021-12-10 16:25:48,56.9064,118.2631,-6.11,92,100,0.45
413,Narasannapeta,IN,2021-12-10 16:25:48,18.4167,84.05,73.36,86,0,6.98
414,Tres Arroyos,AR,2021-12-10 16:25:48,-38.3739,-60.2798,75.87,47,94,9.1
415,Bud,US,2021-12-10 16:25:49,39.447,-86.1758,55.42,95,54,6.85
416,Filimonovo,RU,2021-12-10 16:25:49,56.2011,95.4611,6.49,86,100,12.91
417,Mersing,MY,2021-12-10 16:25:49,2.4312,103.8405,80.51,83,100,8.05
418,Upata,VE,2021-12-10 16:25:50,8.0086,-62.3989,78.19,62,99,5.57
419,Pandamatenga,BW,2021-12-10 16:25:50,-18.5278,25.627,85.33,36,86,4.0
420,Zalesovo,RU,2021-12-10 16:25:50,53.9939,84.7431,7.16,97,99,5.21
421,Pilar,BR,2021-12-10 16:25:51,-9.5972,-35.9567,87.73,47,87,15.3
422,Vardo,NO,2021-12-10 16:25:51,70.3705,31.1107,23.2,86,75,21.85
423,Aksarka,RU,2021-12-10 16:25:51,66.5606,67.7975,9.77,95,100,11.21
424,Khani,GE,2021-12-10 16:25:52,41.9563,42.9566,40.57,70,22,6.29
425,Port Hedland,AU,2021-12-10 16:25:52,-20.3167,118.5667,86.05,70,79,6.91
426,Saint-Paul,RE,2021-12-10 16:25:15,-21.0096,55.2707,78.91,79,100,2.19
427,Cockburn Town,TC,2021-12-10 16:25:52,21.4612,-71.1419,79.66,73,0,20.36
428,Purgstall,AT,2021-12-10 16:25:53,48.0584,15.1348,35.15,92,35,3.33
429,Buchanan,LR,2021-12-10 16:25:53,5.8808,-10.0467,89.56,76,62,9.51
430,Pietarsaari,FI,2021-12-10 16:25:53,63.65,22.6833,23.9,85,100,5.01
431,Mirnyy,RU,2021-12-10 16:25:54,62.5353,113.9611,-3.5,94,100,7.0
432,Lewisporte,CA,2021-12-10 16:25:54,49.2499,-55.0482,25.18,77,82,10.04
433,Chifeng,CN,2021-12-10 16:25:54,42.2683,118.9636,29.3,41,82,4.09
434,Timra,SE,2021-12-10 16:25:55,62.487,17.3257,34.68,100,90,3.44
435,Caravelas,BR,2021-12-10 16:25:55,-17.7125,-39.2481,77.5,82,98,5.08
436,Dongsheng,CN,2021-12-10 16:25:55,39.8161,109.9776,28.87,59,53,8.84
437,Shemursha,RU,2021-12-10 16:25:56,54.8866,47.5189,13.15,85,6,11.14
438,Cairns,AU,2021-12-10 16:25:15,-16.9167,145.7667,75.15,91,40,2.3
439,Kinshasa,CD,2021-12-10 16:23:09,-4.3246,15.3215,88.18,55,20,3.44
440,Bouar,CF,2021-12-10 16:25:56,5.934,15.596,84.76,22,10,5.95
441,Fergus Falls,US,2021-12-10 16:25:56,46.283,-96.0776,26.06,86,1,4.61
442,Cape Coast,GH,2021-12-10 16:25:57,5.1053,-1.2466,83.48,71,99,10.87
443,Pandharpur,IN,2021-12-10 16:25:57,17.6667,75.3333,77.81,59,99,9.08
444,Mangrol,IN,2021-12-10 16:25:58,21.1167,70.1167,76.44,55,0,7.58
445,Estelle,US,2021-12-10 16:25:58,29.8458,-90.1067,81.0,79,75,17.27
446,Sibolga,ID,2021-12-10 16:25:58,1.7427,98.7792,76.3,89,100,1.63
447,Ryotsu,JP,2021-12-10 16:25:59,38.0833,138.4333,50.77,79,42,6.51
448,Kenai,US,2021-12-10 16:25:59,60.5544,-151.2583,26.65,93,90,4.61
449,Makurdi,NG,2021-12-10 16:25:59,7.7411,8.5121,97.5,13,57,6.98
450,Normandin,CA,2021-12-10 16:26:00,48.8333,-72.5321,8.91,78,100,3.44
451,Tigil,RU,2021-12-10 16:26:00,57.8,158.6667,21.56,97,100,2.95
452,Pachino,IT,2021-12-10 16:26:00,36.7186,15.0907,55.44,73,100,30.91
453,Maua,BR,2021-12-10 16:26:01,-23.6678,-46.4614,78.6,52,6,7.81
454,Antalaha,MG,2021-12-10 16:26:01,-14.9003,50.2788,75.56,76,80,6.26
455,Maragogi,BR,2021-12-10 16:26:01,-9.0122,-35.2225,85.19,62,100,12.66
456,Bom Jardim,BR,2021-12-10 16:26:02,-7.7958,-35.5872,91.74,38,100,13.58
457,Maldonado,UY,2021-12-10 16:23:16,-34.6667,-54.9167,76.39,38,57,10.76
458,Saint-Augustin,CA,2021-12-10 16:27:02,51.226,-58.6502,18.16,44,0,14.54
459,Grand Gaube,MU,2021-12-10 16:27:02,-20.0064,57.6608,79.2,69,100,3.0
460,Marzuq,YE,2021-12-10 16:27:03,14.4,46.4667,60.98,30,0,4.7
461,Jiuquan,CN,2021-12-10 16:27:03,39.7432,98.5174,25.34,37,95,3.27
462,Dunedin,NZ,2021-12-10 16:27:03,-45.8742,170.5036,54.81,91,100,5.01
463,Sao Paulo De Olivenca,BR,2021-12-10 16:27:04,-3.3783,-68.8725,75.72,99,100,1.45
464,Matay,EG,2021-12-10 16:27:04,28.419,30.7792,67.33,34,97,4.81
465,Bighapur,IN,2021-12-10 16:27:04,26.35,80.6833,59.05,44,0,5.1
466,Altay,CN,2021-12-10 16:27:05,47.8667,88.1167,2.71,66,4,6.22
467,Brae,GB,2021-12-10 16:27:06,60.3964,-1.353,39.11,85,100,11.43
468,Fairview,US,2021-12-10 16:22:34,40.8126,-73.999,50.25,59,90,6.91
469,Vila Franca Do Campo,PT,2021-12-10 16:26:39,37.7167,-25.4333,67.19,71,87,6.67
470,Ghatanji,IN,2021-12-10 16:22:15,20.1333,78.3167,72.39,48,0,2.35
471,Ixtapa,MX,2021-12-10 16:27:07,20.7,-105.2,70.83,60,75,6.91
472,Juli,PE,2021-12-10 16:27:07,-16.2167,-69.45,50.43,63,96,9.4
473,Tangi,PK,2021-12-10 16:27:08,34.3006,71.6536,53.6,15,0,3.27
474,Keningau,MY,2021-12-10 16:27:08,5.3378,116.1602,75.65,99,99,1.36
475,Gabrovo,BG,2021-12-10 16:27:09,42.8747,25.3342,41.29,95,100,2.39
476,Namie,JP,2021-12-10 16:27:09,37.4833,141.0,35.78,79,63,4.07
477,Kampong Thum,KH,2021-12-10 16:27:10,12.7111,104.8887,71.1,68,42,6.29
478,Bowen,AU,2021-12-10 16:27:10,-20.0167,148.2333,71.82,76,3,4.85
479,Dzaoudzi,YT,2021-12-10 16:27:10,-12.7887,45.2699,75.09,94,75,5.75
480,Kubachi,RU,2021-12-10 16:27:11,42.086,47.6034,30.72,87,92,4.36
481,Anadyr,RU,2021-12-10 16:27:11,64.75,177.4833,-14.3,76,75,6.71
482,Mwense,ZM,2021-12-10 16:27:11,-10.3845,28.698,79.77,55,58,7.02
483,Loei,TH,2021-12-10 16:27:12,17.4167,101.5,64.44,84,4,2.17
484,Mandera,KE,2021-12-10 16:27:12,3.9366,41.867,88.0,22,30,8.93
485,Luanda,AO,2021-12-10 16:24:25,-8.8368,13.2343,82.4,78,20,13.8
486,Manokwari,ID,2021-12-10 16:27:12,-0.8667,134.0833,79.41,82,98,5.17
487,Ahuimanu,US,2021-12-10 16:27:13,21.4447,-157.8378,74.91,78,75,9.22
488,Mahibadhoo,MV,2021-12-10 16:27:13,3.7833,72.9667,81.05,77,93,13.44
489,Sangar,RU,2021-12-10 16:27:13,63.9242,127.4739,-8.99,91,100,11.32
490,Isla Vista,US,2021-12-10 16:27:14,34.4133,-119.861,54.68,69,1,0.0
491,Huarmey,PE,2021-12-10 16:27:14,-10.0681,-78.1522,70.66,79,100,8.03
492,Filadelfia,US,2021-12-10 16:26:06,39.9523,-75.1638,48.45,65,90,5.01
493,Nouakchott,MR,2021-12-10 16:27:14,18.0858,-15.9785,87.73,24,86,11.21
494,Christchurch,NZ,2021-12-10 16:27:15,-43.5333,172.6333,61.03,93,90,3.44
495,Kalevala,RU,2021-12-10 16:27:15,65.2,31.1667,8.04,93,99,5.03
496,Diffa,NE,2021-12-10 16:27:15,13.3154,12.6113,82.42,10,42,11.14
497,Svencionys,LT,2021-12-10 16:27:16,55.15,26.1667,34.36,97,100,14.85
498,Urumqi,CN,2021-12-10 16:27:16,43.801,87.6005,13.15,92,75,4.47
499,Cumbitara,CO,2021-12-10 16:27:16,1.6517,-77.5823,70.92,80,84,4.34
500,Manacapuru,BR,2021-12-10 16:27:17,-3.2997,-60.6206,86.58,57,69,2.84
501,Tilichiki,RU,2021-12-10 16:27:17,60.4667,166.1,-16.6,89,55,9.8
502,Yuma,US,2021-12-10 16:26:39,32.7253,-114.6244,55.56,61,20,0.0
503,Buala,SB,2021-12-10 16:27:17,-8.145,159.5921,80.2,86,100,7.81
504,Teluknaga,ID,2021-12-10 16:27:18,-6.0989,106.6381,85.62,94,90,11.5
505,Mala Vyska,UA,2021-12-10 16:28:18,48.6431,31.6366,46.33,76,100,19.39
506,Te Anau,NZ,2021-12-10 16:28:18,-45.4167,167.7167,49.06,87,100,2.01
507,Gat,IL,2021-12-10 16:25:03,31.61,34.7642,68.77,39,88,1.74
508,Omsukchan,RU,2021-12-10 16:28:19,62.5333,155.8,-26.75,75,1,2.55
509,Portland,US,2021-12-10 16:24:08,45.5234,-122.6762,43.21,92,90,1.01
510,Panjab,AF,2021-12-10 16:28:19,34.388,67.0233,31.78,24,0,2.51
511,Esik,KZ,2021-12-10 16:28:19,43.3552,77.4525,18.82,26,0,9.75
512,Durusu,TR,2021-12-10 16:28:20,41.3053,28.6767,67.14,81,100,11.01
513,Mercedes,AR,2021-12-10 16:28:20,-34.6515,-59.4307,81.52,37,95,4.7
514,Graham,US,2021-12-10 16:28:21,47.0529,-122.2943,40.59,89,90,1.01
515,Bosaso,SO,2021-12-10 16:28:21,11.2842,49.1816,76.33,74,20,12.39
516,Sumbe,AO,2021-12-10 16:28:21,-11.2061,13.8437,80.35,79,12,8.88
517,Chalmette,US,2021-12-10 16:28:21,29.9427,-89.9634,81.0,78,90,5.99
518,Abu Ghosh,IL,2021-12-10 16:28:22,31.8059,35.1093,62.01,50,90,4.0
519,Alamos,MX,2021-12-10 16:28:22,27.0167,-108.9333,68.04,56,91,2.91
520,Narsaq,GL,2021-12-10 16:28:22,60.9167,-46.05,34.02,59,100,13.42
521,Diu,IN,2021-12-10 16:28:23,20.7141,70.9822,75.38,59,0,5.68
522,Atar,MR,2021-12-10 16:28:23,20.5169,-13.0499,84.33,8,56,11.86
523,Inzer,RU,2021-12-10 16:28:23,54.2167,57.5556,19.6,93,100,1.54
524,Scarborough,GB,2021-12-10 16:28:24,54.2797,-0.4044,42.37,82,86,1.01
525,Mount Vernon,US,2021-12-10 16:24:52,40.9126,-73.8371,50.77,61,90,1.99
526,Bilma,NE,2021-12-10 16:28:24,18.6853,12.9164,75.34,7,100,11.3
527,Praia,CV,2021-12-10 16:28:24,14.9215,-23.5087,77.54,61,75,20.71
528,Vysokogornyy,RU,2021-12-10 16:28:25,50.1167,139.15,22.5,86,100,0.98
529,Orlik,RU,2021-12-10 16:28:25,52.5178,99.825,-2.92,88,100,6.71
530,Santa Lucia,ES,2021-12-10 16:28:25,27.9117,-15.5407,64.76,68,20,17.27
531,Cuacnopalan,MX,2021-12-10 16:28:26,18.8167,-97.5,64.26,38,70,3.2
532,Coahuayana,MX,2021-12-10 16:28:26,18.7333,-103.6833,87.28,46,58,1.39
533,Port Moresby,PG,2021-12-10 16:28:26,-9.4431,147.1797,76.21,90,84,4.56
534,Zonguldak,TR,2021-12-10 16:28:27,41.25,31.8333,49.24,60,35,6.67
535,Bagdarin,RU,2021-12-10 16:28:27,54.4333,113.6,-3.03,87,100,3.83
536,Niquelandia,BR,2021-12-10 16:28:27,-14.4739,-48.4597,82.98,65,91,4.07
537,Tuatapere,NZ,2021-12-10 16:28:28,-46.1333,167.6833,46.62,92,100,2.86
538,Alyth,GB,2021-12-10 16:28:28,56.6221,-3.2301,38.41,86,13,4.47
539,Tessalit,ML,2021-12-10 16:28:28,20.1986,1.0114,78.93,6,100,13.78
540,Saint George,US,2021-12-10 16:28:21,37.1041,-113.5841,43.27,53,1,8.01
541,Muros,ES,2021-12-10 16:28:29,42.7762,-9.0603,59.09,74,82,8.34
542,Awbari,LY,2021-12-10 16:28:29,26.5921,12.7805,58.17,37,12,5.21
543,Ossora,RU,2021-12-10 16:28:29,59.2353,163.0719,3.67,88,100,7.45
544,Ketchikan,US,2021-12-10 16:28:30,55.3422,-131.6461,39.67,93,90,18.41
545,Cap Malheureux,MU,2021-12-10 16:28:30,-19.9842,57.6142,79.29,69,100,3.0
546,Rognan,NO,2021-12-10 16:28:30,67.0953,15.3878,32.88,84,100,8.88
547,Plettenberg Bay,ZA,2021-12-10 16:28:31,-34.0527,23.3716,71.58,81,81,3.58
548,Shahapur,IN,2021-12-10 16:28:31,19.45,73.3333,81.88,56,2,2.1
549,Tingi,TZ,2021-12-10 16:28:31,-11.3,35.0333,72.39,51,57,2.17
550,Batman,TR,2021-12-10 16:28:32,37.8874,41.1322,42.6,93,75,2.3
551,Opuwo,NA,2021-12-10 16:28:32,-18.0607,13.84,77.22,54,48,15.55
552,Morris,US,2021-12-10 16:29:32,40.8334,-74.5329,46.13,68,90,1.99
553,Vanimo,PG,2021-12-10 16:29:33,-2.6741,141.3028,79.52,89,100,6.93
554,Presidencia Roque Saenz Pena,AR,2021-12-10 16:28:10,-26.7852,-60.4388,91.2,29,84,3.87
555,Warrnambool,AU,2021-12-10 16:29:33,-38.3833,142.4833,55.81,67,100,12.82
556,Ilebo,CD,2021-12-10 16:29:33,-4.3167,20.5833,77.77,88,100,0.94
557,Mareeba,AU,2021-12-10 16:29:34,-17.0,145.4333,70.52,94,64,1.61
558,Ndago,TZ,2021-12-10 16:29:34,-4.6,34.35,76.69,40,94,6.44
559,Sao Jose De Ribamar,BR,2021-12-10 16:29:34,-2.5619,-44.0542,91.78,75,90,15.86
560,Honningsvag,NO,2021-12-10 16:29:35,70.9821,25.9704,29.95,69,0,24.16
561,Tabuk,PH,2021-12-10 16:29:35,17.4189,121.4443,68.45,87,82,3.67
562,Aykhal,RU,2021-12-10 16:29:35,66.0,111.5,-12.03,98,100,6.76
563,Manoel Urbano,BR,2021-12-10 16:29:36,-8.8389,-69.2597,83.08,76,100,2.39
564,Sungaipenuh,ID,2021-12-10 16:29:36,-2.0833,101.3833,64.67,97,100,2.57
565,Puerto Madryn,AR,2021-12-10 16:29:36,-42.7692,-65.0385,79.65,30,0,21.94
566,Tshikapa,CD,2021-12-10 16:29:37,-6.4167,20.8,73.96,96,93,4.9
567,Bac Lieu,VN,2021-12-10 16:29:37,9.285,105.7244,76.32,80,14,7.78
568,Hakkari,TR,2021-12-10 16:29:37,37.5833,44.1667,32.94,77,1,1.07
569,Miri,MY,2021-12-10 16:29:38,4.4148,114.0089,77.14,100,40,1.14
570,Djambala,CG,2021-12-10 16:29:38,-2.5447,14.7533,76.17,77,100,1.1
571,Manzhouli,CN,2021-12-10 16:29:38,49.6,117.4333,6.28,77,44,11.12
572,Egvekinot,RU,2021-12-10 16:29:39,66.3167,-179.1667,-19.37,81,20,7.2
573,Acapulco,MX,2021-12-10 16:27:05,16.8634,-99.8901,85.82,66,40,4.61
574,Kholodnyy,RU,2021-12-10 16:29:39,62.7167,147.95,-46.68,99,62,0.04
575,La Ronge,CA,2021-12-10 16:29:39,55.1001,-105.2842,16.05,79,75,9.22
